Key,Group Name,M,β,γ,α,μ,σ(β),σ(γ),σ(α),σ(μ),σ(E),R0,σ(R0),Loss 7 Days,Loss 14 Days
east_asia_&_pacific,All,2.288797013e9,0.15,0.196,0.0909,0.0407,0.0038,0.7,1.0,0.0004,44016.72,1.65,18.15,0.187,0.187
europe_&_central_asia,All,8.98158532e8,0.0973,0.196,0.0909,0.0771,0.0036,0.7,1.0,0.0009,324924.72,1.07,11.77,1.39,1.39
latin_america_&_caribbean,All,6.500339e8,0.101,0.196,0.0909,0.0562,0.0012,0.7,1.0,0.001,1.10930309e6,1.12,12.27,0.464,0.464
middle_east_&_north_africa,All,4.19117216e8,0.102,0.196,0.0909,0.0286,0.0017,0.7,1.0,0.0,268027.85,1.13,12.38,0.162,0.162
north_america,All,3.30863098e8,0.149,0.196,0.0909,0.0523,0.0012,0.7,1.0,0.0014,724029.97,1.63,17.98,0.209,0.209
south_asia,All,1.863046558e9,0.119,0.196,0.0909,0.0317,0.0008,0.7,1.0,0.0005,475795.73,1.31,14.43,0.114,0.114
sub-saharan_africa,All,1.067812787e9,0.152,0.196,0.0909,0.0254,0.0009,0.7,1.0,0.0006,164099.69,1.67,18.42,0.0929,0.0929
