Key,Group Name,M,β,γ,α,μ,σ(β),σ(γ),σ(α),σ(μ),σ(E),R0,σ(R0),Loss 7 Days,Loss 14 Days
east_asia_&_pacific,All,2.288797013e9,0.148,0.196,0.0909,0.0409,0.0034,0.7,1.0,0.0004,42622.59,1.63,17.9,0.207,0.207
europe_&_central_asia,All,8.98158532e8,0.1,0.196,0.0909,0.0774,0.005,0.7,1.0,0.0009,315688.57,1.1,12.09,1.39,1.39
latin_america_&_caribbean,All,6.500339e8,0.103,0.196,0.0909,0.0566,0.0003,0.7,1.0,0.0011,1.11454671e6,1.14,12.5,0.454,0.454
middle_east_&_north_africa,All,4.19117216e8,0.103,0.196,0.0909,0.0286,0.0017,0.7,1.0,0.0,268256.74,1.13,12.48,0.144,0.144
north_america,All,3.30863098e8,0.152,0.196,0.0909,0.0529,0.0011,0.7,1.0,0.0015,695840.33,1.67,18.39,0.249,0.249
south_asia,All,1.863046558e9,0.12,0.196,0.0909,0.0319,0.0007,0.7,1.0,0.0005,468276.24,1.31,14.46,0.12,0.12
sub-saharan_africa,All,1.067812787e9,0.152,0.196,0.0909,0.0257,0.0014,0.7,1.0,0.0006,158869.08,1.67,18.4,0.096,0.096
