Key,Group Name,M,β,γ,α,μ,σ(β),σ(γ),σ(α),σ(μ),σ(E),R0,σ(R0),Loss 7 Days,Loss 14 Days
east_asia_&_pacific,All,2.296079672e9,0.132,0.196,0.0909,0.0408,0.0034,0.7,1.0,0.0003,41413.12,1.46,16.01,0.284,0.284
europe_&_central_asia,All,9.18372404e8,0.0996,0.196,0.0909,0.0779,0.007,0.7,1.0,0.001,327582.94,1.1,12.05,1.25,1.25
latin_america_&_caribbean,All,6.50146408e8,0.11,0.196,0.0909,0.0574,0.0017,0.7,1.0,0.0012,1.05843273e6,1.21,13.33,0.511,0.511
middle_east_&_north_africa,All,4.0869281e8,0.102,0.196,0.0909,0.0272,0.0003,0.7,1.0,0.0001,226318.21,1.13,12.39,0.149,0.149
north_america,All,3.30863098e8,0.155,0.196,0.0909,0.0541,0.0033,0.7,1.0,0.0016,637179.97,1.71,18.79,0.245,0.245
south_asia,All,1.823774612e9,0.122,0.196,0.0909,0.0325,0.0004,0.7,1.0,0.0007,441496.34,1.34,14.75,0.12,0.12
sub-saharan_africa,All,1.078275591e9,0.149,0.196,0.0909,0.0263,0.0018,0.7,1.0,0.0007,154078.04,1.64,18.08,0.111,0.111
