Key,Group Name,M,β,γ,α,μ,σ(β),σ(γ),σ(α),σ(μ),σ(E),R0,σ(R0),Loss 7 Days,Loss 14 Days
east_asia_&_pacific,All,2.296079672e9,0.137,0.196,0.0909,0.0388,0.0017,0.7,1.0,0.0005,74458.83,1.51,16.56,0.219,0.219
europe_&_central_asia,All,9.18372404e8,0.108,0.196,0.0909,0.0708,0.0025,0.7,1.0,0.0008,344372.4,1.18,13.02,1.02,1.02
latin_america_&_caribbean,All,6.50146408e8,0.114,0.196,0.0909,0.0514,0.0037,0.7,1.0,0.0006,1.17519422e6,1.25,13.77,0.399,0.399
middle_east_&_north_africa,All,4.49081765e8,0.0856,0.196,0.0909,0.0291,0.0005,0.7,1.0,0.0,265775.38,0.941,10.36,0.205,0.205
north_america,All,3.30863098e8,0.109,0.196,0.0909,0.0421,0.001,0.7,1.0,0.0011,1.20160478e6,1.2,13.22,0.566,0.566
south_asia,All,1.863046558e9,0.139,0.196,0.0909,0.0283,0.0017,0.7,1.0,0.0005,668522.02,1.53,16.87,0.0893,0.0893
sub-saharan_africa,All,1.105799826e9,0.11,0.196,0.0909,0.0219,0.0023,0.7,1.0,0.0002,291103.92,1.21,13.35,0.437,0.437
