Key,Group Name,M,β,γ,α,μ,σ(β),σ(γ),σ(α),σ(μ),σ(E),R0,σ(R0),Loss 7 Days,Loss 14 Days
east_asia_&_pacific,All,1.71495675581e9,0.101,0.196,0.0909,0.0354,0.0066,0.7,1.0,0.0008,71688.76,1.12,12.27,0.199,0.199
europe_&_central_asia,All,5.7040512299e8,0.0639,0.196,0.0909,0.0666,0.0018,0.7,1.0,0.0008,344385.4,0.703,7.74,0.981,0.981
latin_america_&_caribbean,All,3.8715330757e8,0.0646,0.196,0.0909,0.0479,0.0016,0.7,1.0,0.0006,1.17619301e6,0.711,7.82,0.313,0.313
middle_east_&_north_africa,All,3.8132865299e8,0.0715,0.196,0.0909,0.029,0.0027,0.7,1.0,0.0,270969.58,0.786,8.65,0.208,0.208
north_america,All,1.9180606773e8,0.0588,0.196,0.0909,0.0376,0.0022,0.7,1.0,0.0007,1.155372e6,0.647,7.12,1.15,1.15
south_asia,All,1.20901214331e9,0.0848,0.196,0.0909,0.0255,0.0008,0.7,1.0,0.0004,632386.33,0.933,10.26,0.152,0.152
sub-saharan_africa,All,6.7785018836e8,0.0584,0.196,0.0909,0.022,0.0009,0.7,1.0,0.0003,282871.75,0.643,7.07,0.866,0.866
