Key,Group Name,M,β,γ,α,μ,σ(β),σ(γ),σ(α),σ(μ),σ(E),R0,σ(R0),Loss 7 Days,Loss 14 Days
east_asia_&_pacific,All,2.296079672e9,0.113,0.196,0.0909,0.0414,0.001,0.7,1.0,0.0003,37800.28,1.24,13.68,0.26,0.26
europe_&_central_asia,All,9.18372404e8,0.0953,0.196,0.0909,0.0699,0.0064,0.7,1.0,0.0009,315241.28,1.05,11.54,1.3,1.3
latin_america_&_caribbean,All,6.50146408e8,0.111,0.196,0.0909,0.0599,0.0006,0.7,1.0,0.0014,1.04863471e6,1.22,13.46,0.379,0.379
middle_east_&_north_africa,All,4.0869281e8,0.0978,0.196,0.0909,0.0274,0.0003,0.7,1.0,0.0001,225566.52,1.08,11.83,0.217,0.217
north_america,All,3.30863098e8,0.157,0.196,0.0909,0.0571,0.0004,0.7,1.0,0.0014,487427.43,1.73,19.05,0.153,0.153
south_asia,All,1.823774612e9,0.122,0.196,0.0909,0.0339,0.0001,0.7,1.0,0.0008,410310.4,1.34,14.79,0.117,0.117
sub-saharan_africa,All,1.030827878e9,0.144,0.196,0.0909,0.0275,0.0001,0.7,1.0,0.0009,131680.85,1.59,17.46,0.123,0.123
