Key,Group Name,M,β,γ,α,μ,σ(β),σ(γ),σ(α),σ(μ),σ(E),R0,σ(R0),Loss 7 Days,Loss 14 Days
east_asia_&_pacific,All,2.300828616e9,0.105,0.222,0.0909,0.0418,0.0022,1.11,0.0006,0.0003,45681.23,1.16,0.0249,0.327,0.327
europe_&_central_asia,All,9.18873518e8,0.088,0.222,0.091,0.0803,0.0011,0.973,0.0007,0.001,369707.64,0.967,0.014,1.24,1.24
latin_america_&_caribbean,All,6.52796593e8,0.125,0.222,0.0909,0.0614,0.0005,0.503,0.0015,0.0013,531786.27,1.37,0.023,0.446,0.446
middle_east_&_north_africa,All,4.10405444e8,0.0968,0.222,0.0909,0.0275,0.0011,1.42,0.0004,0.0002,362762.45,1.07,0.0133,0.197,0.197
north_america,All,3.32049547e8,0.145,0.222,0.0909,0.0581,0.0003,0.165,0.0014,0.0009,79338.12,1.59,0.0248,0.183,0.183
south_asia,All,1.82964504e9,0.121,0.222,0.0909,0.0349,0.0001,0.283,0.0007,0.0009,128186.77,1.33,0.0105,0.0847,0.0847
sub-saharan_africa,All,1.079079588e9,0.14,0.222,0.0909,0.029,0.0004,0.883,0.0014,0.001,118684.25,1.54,0.024,0.11,0.11
