Key,Group Name,M,β,γ,α,μ,σ(β),σ(γ),σ(α),σ(μ),σ(E),R0,σ(R0),Loss 7 Days,Loss 14 Days
east_asia_&_pacific,All,759871.36,0.366,0.196,0.0909,0.033,0.0032,0.7,1.0,0.0005,94585.36,4.02,44.26,0.179,0.179
europe_&_central_asia,All,7.1190841257e8,0.105,0.196,0.0909,0.0621,0.0016,0.7,1.0,0.0008,401550.18,1.15,12.66,0.86,0.86
latin_america_&_caribbean,All,1.845986491e7,0.14,0.196,0.0909,0.0462,0.0026,0.7,1.0,0.0005,1.38963887e6,1.54,16.98,0.367,0.367
middle_east_&_north_africa,All,4.4405118746e8,0.0873,0.196,0.0909,0.0289,0.0004,0.7,1.0,0.0,257392.36,0.961,10.57,0.408,0.408
north_america,All,1.206670909e7,0.135,0.196,0.0909,0.0355,0.0026,0.7,1.0,0.0005,1.20898642e6,1.48,16.31,0.495,0.495
south_asia,All,9.94051893e6,0.163,0.196,0.0909,0.0239,0.0007,0.7,1.0,0.0004,856316.83,1.79,19.67,0.0923,0.0923
sub-saharan_africa,All,1.22814479e6,0.204,0.196,0.0909,0.0225,0.0028,0.7,1.0,0.0001,299635.2,2.25,24.72,0.114,0.114
