Key,Group Name,M,β,γ,α,μ,σ(β),σ(γ),σ(α),σ(μ),σ(E),R0,σ(R0),Loss 7 Days,Loss 14 Days
east_asia_&_pacific,All,2.300828616e9,0.0972,0.222,0.0909,0.0422,0.0017,0.65,0.001,0.0003,28407.93,1.07,0.0222,0.412,0.412
europe_&_central_asia,All,9.18873518e8,0.0894,0.222,0.0909,0.0819,0.0013,1.26,0.0006,0.001,476064.77,0.984,0.0159,1.27,1.27
latin_america_&_caribbean,All,6.52796593e8,0.119,0.222,0.0909,0.0635,0.0085,1.04,0.0025,0.0013,1.02450566e6,1.31,0.1,0.312,0.312
middle_east_&_north_africa,All,4.10405444e8,0.103,0.222,0.0909,0.0278,0.0007,1.42,0.0006,0.0002,347914.39,1.13,0.0109,0.313,0.313
north_america,All,3.32049547e8,0.123,0.222,0.0909,0.0596,0.0003,0.276,0.0014,0.0009,123354.87,1.35,0.0205,0.381,0.381
south_asia,All,1.82964504e9,0.125,0.222,0.0909,0.0363,0.0017,0.426,0.0014,0.0009,177871.76,1.37,0.0282,0.12,0.12
sub-saharan_africa,All,1.079079588e9,0.15,0.222,0.0909,0.0305,0.0002,1.07,0.0021,0.0007,123826.56,1.65,0.0376,0.143,0.143
