Key,Group Name,M,β,γ,α,μ,σ(β),σ(γ),σ(α),σ(μ),σ(E),R0,σ(R0),Loss 7 Days,Loss 14 Days
east_asia_&_pacific,All,2.244110523e9,0.118,0.196,0.0909,0.0403,0.0017,0.7,1.0,0.0002,75629.28,1.3,14.32,0.233,0.233
europe_&_central_asia,All,9.18372404e8,0.103,0.196,0.0909,0.0727,0.0016,0.7,1.0,0.0007,330490.86,1.13,12.42,0.92,0.92
latin_america_&_caribbean,All,6.3801721e8,0.0989,0.196,0.0909,0.0522,0.0027,0.7,1.0,0.0007,1.17649732e6,1.09,11.96,0.607,0.607
middle_east_&_north_africa,All,4.43896782e8,0.0835,0.196,0.0909,0.0303,0.0008,0.7,1.0,0.0001,252705.36,0.918,10.1,0.144,0.144
north_america,All,3.30863098e8,0.13,0.196,0.0909,0.0452,0.0027,0.7,1.0,0.0014,1.05258308e6,1.43,15.72,0.379,0.379
south_asia,All,1.841071462e9,0.127,0.196,0.0909,0.0293,0.0007,0.7,1.0,0.0004,584057.15,1.4,15.41,0.106,0.106
sub-saharan_africa,All,1.074122168e9,0.128,0.196,0.0909,0.0221,0.0019,0.7,1.0,0.0005,265866.42,1.41,15.49,0.309,0.309
