Key,Group Name,M,β,γ,α,μ,σ(β),σ(γ),σ(α),σ(μ),σ(E),R0,σ(R0),Loss 7 Days,Loss 14 Days
east_asia_&_pacific,All,2.288797013e9,0.155,0.196,0.0909,0.0405,0.0019,0.7,1.0,0.0004,47772.57,1.7,18.71,0.148,0.148
europe_&_central_asia,All,8.98158532e8,0.0939,0.196,0.0909,0.0763,0.0012,0.7,1.0,0.0009,363086.59,1.03,11.36,1.45,1.45
latin_america_&_caribbean,All,6.500339e8,0.102,0.196,0.0909,0.0553,0.0013,0.7,1.0,0.0008,1.11620614e6,1.12,12.37,0.444,0.444
middle_east_&_north_africa,All,4.19117216e8,0.101,0.196,0.0909,0.0286,0.0016,0.7,1.0,0.0,274062.17,1.11,12.2,0.278,0.278
north_america,All,3.30863098e8,0.146,0.196,0.0909,0.0511,0.0015,0.7,1.0,0.0014,793726.36,1.61,17.7,0.201,0.201
south_asia,All,1.863046558e9,0.118,0.196,0.0909,0.0312,0.0002,0.7,1.0,0.0006,490725.47,1.3,14.3,0.0991,0.0991
sub-saharan_africa,All,1.067812787e9,0.154,0.196,0.0909,0.0249,0.0007,0.7,1.0,0.0007,176610.5,1.7,18.68,0.0858,0.0858
