Key,Group Name,M,β,γ,α,μ,σ(β),σ(γ),σ(α),σ(μ),σ(E),R0,σ(R0),Loss 7 Days,Loss 14 Days
east_asia_&_pacific,All,2.296079672e9,0.144,0.196,0.0909,0.0374,0.0042,0.7,1.0,0.0006,91924.54,1.58,17.41,0.235,0.235
europe_&_central_asia,All,9.18372404e8,0.0931,0.196,0.0909,0.0688,0.001,0.7,1.0,0.0008,400629.43,1.02,11.26,1.29,1.29
latin_america_&_caribbean,All,6.50146408e8,0.121,0.196,0.0909,0.0498,0.0021,0.7,1.0,0.0007,1.33245068e6,1.33,14.68,0.52,0.52
middle_east_&_north_africa,All,4.49081765e8,0.0851,0.196,0.0909,0.0291,0.0027,0.7,1.0,0.0,255519.64,0.937,10.3,0.418,0.418
north_america,All,3.30863098e8,0.0966,0.196,0.0909,0.0397,0.0026,0.7,1.0,0.0009,1.20337606e6,1.06,11.69,0.977,0.977
south_asia,All,1.863046558e9,0.134,0.196,0.0909,0.0269,0.0012,0.7,1.0,0.0006,828670.8,1.47,16.19,0.151,0.151
sub-saharan_africa,All,1.105799826e9,0.09,0.196,0.0909,0.0217,0.002,0.7,1.0,0.0001,294201.71,0.99,10.89,0.671,0.671
