Key,Group Name,M,β,γ,α,μ,σ(β),σ(γ),σ(α),σ(μ),σ(E),R0,σ(R0),Loss 7 Days,Loss 14 Days
east_asia_&_pacific,All,2.296079672e9,0.115,0.196,0.0909,0.0412,0.0024,0.7,1.0,0.0003,39792.7,1.26,13.89,0.347,0.347
europe_&_central_asia,All,9.18372404e8,0.0953,0.196,0.0909,0.0791,0.0034,0.7,1.0,0.001,330311.39,1.05,11.54,1.31,1.31
latin_america_&_caribbean,All,6.50146408e8,0.105,0.196,0.0909,0.0589,0.0013,0.7,1.0,0.0012,1.07913149e6,1.15,12.66,0.419,0.419
middle_east_&_north_africa,All,4.0869281e8,0.0997,0.196,0.0909,0.0273,0.0008,0.7,1.0,0.0001,224125.57,1.1,12.06,0.215,0.215
north_america,All,3.30863098e8,0.155,0.196,0.0909,0.0559,0.0012,0.7,1.0,0.0014,545585.76,1.71,18.81,0.161,0.161
south_asia,All,1.823774612e9,0.119,0.196,0.0909,0.0333,0.0009,0.7,1.0,0.0007,428467.93,1.31,14.39,0.0962,0.0962
sub-saharan_africa,All,1.078275591e9,0.144,0.196,0.0909,0.0271,0.0022,0.7,1.0,0.0008,135395.05,1.59,17.47,0.127,0.127
