Key,Group Name,M,β,γ,α,μ,σ(β),σ(γ),σ(α),σ(μ),σ(E),R0,σ(R0),Loss 7 Days,Loss 14 Days
east_asia_&_pacific,All,2.296079672e9,0.112,0.196,0.0909,0.0415,0.0022,0.7,1.0,0.0003,38003.21,1.24,13.59,0.278,0.278
europe_&_central_asia,All,9.18372404e8,0.0901,0.196,0.0909,0.0795,0.0057,0.7,1.0,0.001,341854.63,0.991,10.9,1.42,1.42
latin_america_&_caribbean,All,6.50146408e8,0.107,0.196,0.0909,0.0604,0.0022,0.7,1.0,0.0015,1.05423472e6,1.18,12.98,0.349,0.349
middle_east_&_north_africa,All,4.0869281e8,0.0964,0.196,0.0909,0.0274,0.0005,0.7,1.0,0.0001,229803.55,1.06,11.67,0.248,0.248
north_america,All,3.30863098e8,0.154,0.196,0.0909,0.0576,0.0011,0.7,1.0,0.0013,470221.78,1.7,18.69,0.16,0.16
south_asia,All,1.823774612e9,0.12,0.196,0.0909,0.0343,0.0005,0.7,1.0,0.0008,420449.05,1.32,14.54,0.0933,0.0933
sub-saharan_africa,All,1.058002383e9,0.141,0.196,0.0909,0.028,0.0019,0.7,1.0,0.001,131176.23,1.56,17.11,0.11,0.11
