Key,M,β,γ,α,μ
Per Country,[3.9653765e7],[0.0667],[0.173],[0.108],[0.432]
World3,[3.9653765e7],[0.0667],[0.173],[0.108],[0.432]
