Key,Group Name,M,β,γ,α,μ,σ(β),σ(γ),σ(α),σ(μ),σ(E),R0,Loss 7 Days,Loss 14 Days
total,All,2.13724406e8,0.0929,0.99,0.04225,0.01912,0.00422,3.698,0.0054,0.00111,562919.921,2.199,0.2314,0.2314
