Key,Group Name,M,β,γ,α,μ,σ(β),σ(γ),σ(α),σ(μ),σ(E),R0,σ(R0),Loss 7 Days,Loss 14 Days
total,All,2.13724406e8,0.08813,0.8376,0.04336,0.01839,0.00804,0.7425,0.00514,0.00101,148943.256,2.032,0.3041,0.4931,0.4931
