Key,Group Name,M,β,γ,α,μ,σ(β),σ(γ),σ(α),σ(μ),σ(E),R0,Loss 7 Days,Loss 14 Days
total,All,2.13724406e8,0.09401,0.9532,0.04674,0.01858,0.00053,0.3387,0.00104,0.00066,50219.89,2.011,0.2772,0.2772
