Key,Group Name,M,β,γ,α,μ,σ(β),σ(γ),σ(α),σ(μ),σ(E),R0,Loss 7 Days,Loss 14 Days
total,All,2.13724406e8,0.09185,0.99,0.0418,0.0189,0.00648,2.502,0.00598,0.00109,363825.659,2.198,0.2898,0.2898
