Key,Group Name,M,β,γ,α,μ,σ(β),σ(γ),σ(α),σ(μ),σ(E),R0,Loss 7 Days,Loss 14 Days
total,All,2.13724406e8,0.09513,0.99,0.04225,0.01926,0.00356,3.721,0.0054,0.00107,558306.822,2.252,0.1526,0.1526
