Key,Group Name,M,β,γ,α,μ,σ(β),σ(γ),σ(α),σ(μ),σ(E),R0,Loss 7 Days,Loss 14 Days
total,All,2.13724406e8,0.07865,0.7902,0.0298,0.01934,0.0046,0.6153,,0.00134,107279.484,2.64,0.4077,0.4077
