key,group_name,M,β,γ,α,μ,σ(β),σ(γ),σ(α),σ(μ),σ(E),R0,σ(R0),loss_7_days,loss_14_days
total,All,2.13724406e8,0.08178,0.2222,0.1043,0.00898,0.00325,0.1673,0.00397,0.00042,633728.852,0.784,0.04315,2.058,2.058
