key,group_name,M,β,γ,α,μ,σ(β),σ(γ),σ(α),σ(μ),σ(E),R0,σ(R0),loss_7_days,loss_14_days
total,All,2.13724406e8,0.09962,0.2829,0.09497,0.01019,0.00292,0.7194,0.00267,0.00036,1.239357649e6,1.049,0.04262,1.283,1.283
