key,group_name,M,β,γ,α,μ,σ(β),σ(γ),σ(α),σ(μ),σ(E),R0,σ(R0),loss_7_days,loss_14_days
total,All,2.13724406e8,0.1254,0.2222,0.09091,0.00908,0.00465,0.3506,0.00253,0.00037,1.431674876e6,1.379,0.06401,0.3244,0.3244
