Key,Group Name,M,β,γ,α,μ,σ(β),σ(γ),σ(α),σ(μ),σ(E),R0,σ(R0),Loss 7 Days,Loss 14 Days
total,All,2.13724406e8,0.118,0.222,0.0909,0.0077,0.0168,1.94,0.0042,0.0003,8.69301814e6,1.3,0.195,0.482,0.482
