Key,Group Name,M,β,γ,α,μ,σ(β),σ(γ),σ(α),σ(μ),σ(E),R0,σ(R0),Loss 7 Days,Loss 14 Days
total,All,2.13724406e8,0.148,0.222,0.0909,0.0073,0.0044,1.76,0.0027,0.0003,7.36647337e6,1.63,0.068,0.424,0.424
