Key,Group Name,M,β,γ,α,μ,σ(β),σ(γ),σ(α),σ(μ),σ(E),R0,σ(R0),Loss 7 Days,Loss 14 Days
total,All,2.13724406e8,0.143,0.222,0.0912,0.0074,0.002,691.93,0.0021,0.0002,2.95680576133e9,1.56,0.0425,0.274,0.274
