key,group_name,M,β,γ,α,μ,σ(β),σ(γ),σ(α),σ(μ),σ(E),R0,σ(R0),loss_7_days,loss_14_days
total,All,2.13724406e8,0.1228,0.99,0.09578,0.01036,0.00672,0.5443,0.00321,0.00046,103890.221,1.282,0.08226,0.6925,0.6925
