Key,Group Name,M,β,γ,α,μ,σ(β),σ(γ),σ(α),σ(μ),σ(E),R0,Loss 7 Days,Loss 14 Days
total,All,7.777809927e9,0.03365,0.3947,0.02002,0.1648,0.00127,0.247,0.00098,0.00805,132307.993,1.681,0.3172,0.3172
