Key,Group Name,M,β,γ,α,μ,σ(β),σ(γ),σ(α),σ(μ),σ(E),R0,Loss 7 Days,Loss 14 Days
total,All,7.777809927e9,0.03369,0.6122,0.02331,0.1518,0.00036,0.248,0.00176,0.01001,54641.505,1.446,0.352,0.352
