Key,Group Name,M,β,γ,α,μ,σ(β),σ(γ),σ(α),σ(μ),σ(E),R0,Loss 7 Days,Loss 14 Days
total,All,7.777809927e9,0.03409,0.7212,0.02284,0.1475,0.00036,0.4048,0.00188,0.01033,76158.384,1.492,0.3589,0.3589
