Key,Group Name,M,β,γ,α,μ,R0
total,all,7.779283487e9,0.05366,1.0,0.04045,0.1574,1.327
