Key,Group Name,M,β,γ,α,μ,σ(β),σ(γ),σ(α),σ(μ),σ(E),R0,Loss 7 Days,Loss 14 Days
total,All,7.777809927e9,0.03421,0.8859,0.02241,0.1454,0.00035,0.5349,0.00188,0.01037,67623.416,1.526,0.4869,0.4869
