Key,Group Name,M,β,γ,α,μ,σ(β),σ(γ),σ(α),σ(μ),σ(E),R0,Loss 7 Days,Loss 14 Days
total,All,7.777809927e9,0.03407,0.8092,0.02277,0.1431,0.00044,0.4304,0.00176,0.01028,64337.186,1.496,0.2544,0.2544
