Key,Group Name,M,β,γ,α,μ,R0,Loss 7 Days,Loss 14 Days
total,all,7.779283487e9,0.02527,0.9764,0.00731,0.1634,3.456,0.3928,1.48
