Key,Group Name,M,β,γ,α,μ,σ(β),σ(γ),σ(α),σ(μ),σ(E),R0,Loss 7 Days,Loss 14 Days
total,All,7.777809927e9,0.03373,0.45,0.02412,0.1417,0.00033,0.2506,0.00039,0.00632,116877.565,1.399,0.2368,0.2368
