Key,Group Name,M,β,γ,α,μ,σ(β),σ(γ),σ(α),σ(μ),σ(E),R0,Loss 7 Days,Loss 14 Days
total,All,7.779283487e9,0.03335,0.3227,0.02002,0.1659,0.00146,0.121,0.00098,0.00876,94960.96,1.666,0.2453,0.2453
