Key,Group Name,M,β,γ,α,μ,σ(β),σ(γ),σ(α),σ(μ),σ(E),R0,Loss 7 Days,Loss 14 Days
total,All,7.777809927e9,0.03443,0.99,0.02022,0.1607,0.00089,1.474,0.00058,0.00905,127606.855,1.703,0.159,0.159
