Key,Group Name,M,β,γ,α,μ,R0,Loss 7 Days,Loss 14 Days,Loss 21 Days
total,all,7.779283487e9,0.0349,0.3695,0.02002,0.1698,1.743,1.492,3.003,91.927
