Key,Group Name,M,β,γ,α,μ,σ(β),σ(γ),σ(α),σ(μ),σ(E),R0,Loss 7 Days,Loss 14 Days
total,All,7.777809927e9,0.03405,0.9905,0.02289,0.1562,0.00037,0.503,0.0019,0.00945,42442.982,1.488,0.3379,0.3379
