Key,Group Name,M,β,γ,α,μ,σ(β),σ(γ),σ(α),σ(μ),σ(E),R0,σ(R0),Loss 7 Days,Loss 14 Days
total,All,7.777809927e9,0.0338,0.6711,0.02291,0.1387,0.00052,0.4308,0.00192,0.01001,92446.625,1.475,0.1259,0.3193,0.3193
