Key,Group Name,M,β,γ,α,μ,σ(β),σ(γ),σ(α),σ(μ),σ(E),R0,σ(R0),Loss 7 Days,Loss 14 Days
total,All,7.777809927e9,0.115,0.222,0.0909,0.0621,0.0035,0.499,0.0015,0.0012,1.33031793e6,1.27,0.0439,0.267,0.267
