key,group_name,M,β,γ,α,μ,σ(β),σ(γ),σ(α),σ(μ),σ(E),R0,σ(R0),loss_7_days,loss_14_days
total,All,7.777809927e9,0.07718,0.2222,0.1045,0.06684,0.00245,0.89,0.00151,0.00136,2.011969907e6,0.7384,0.02579,2.564,2.564
