Key,Group Name,M,β,γ,α,μ,σ(β),σ(γ),σ(α),σ(μ),σ(E),R0,σ(R0),Loss 7 Days,Loss 14 Days
total,All,4.69016832098e9,0.065,0.196,0.0909,0.0432,0.0007,0.7,1.0,0.0007,3.93387205e6,0.715,7.87,0.459,0.459
