Key,Group Name,M,β,γ,α,μ,σ(β),σ(γ),σ(α),σ(μ),σ(E),R0,σ(R0),Loss 7 Days,Loss 14 Days
total,All,7.777809927e9,0.118,0.222,0.0909,0.0607,0.001,0.829,0.0006,0.0011,2.33063357e6,1.3,0.0139,0.25,0.25
