key,group_name,M,β,γ,α,μ,σ(β),σ(γ),σ(α),σ(μ),σ(E),R0,σ(R0),loss_7_days,loss_14_days
total,All,7.777809927e9,0.07197,0.2222,0.09091,0.06732,0.00243,0.2821,0.00092,0.00128,660797.182,0.7917,0.02789,2.177,2.177
