Key,Group Name,M,β,γ,α,μ,σ(β),σ(γ),σ(α),σ(μ),σ(E),R0,σ(R0),Loss 7 Days,Loss 14 Days
total,All,7.777809927e9,0.12,0.222,0.0909,0.0602,0.0004,1.13,0.001,0.0012,3.22150233e6,1.32,0.0148,0.297,0.297
