Key,Group Name,M,β,γ,α,μ,σ(β),σ(γ),σ(α),σ(μ),σ(E),R0,σ(R0),Loss 7 Days,Loss 14 Days
high_income,All,1.158599652e9,0.125,0.196,0.0909,0.0651,0.001,0.7,1.0,0.0014,1.12317162e6,1.37,15.07,0.333,0.333
low_income,All,5.61640531e8,0.0765,0.196,0.0909,0.0326,0.0064,0.7,1.0,0.0002,21174.74,0.842,9.26,0.72,0.72
lower_middle_income,All,2.924670483e9,0.119,0.196,0.0909,0.0328,0.0005,0.7,1.0,0.0006,645565.6,1.31,14.43,0.105,0.105
upper_middle_income,All,2.872918438e9,0.111,0.196,0.0909,0.0468,0.0011,0.7,1.0,0.0005,1.47227784e6,1.22,13.39,0.297,0.297
