Key,Group Name,M,β,γ,α,μ,σ(β),σ(γ),σ(α),σ(μ),σ(E),R0,σ(R0),Loss 7 Days,Loss 14 Days
high_income,All,1.169291643e9,0.118,0.196,0.0909,0.0652,0.0004,0.7,1.0,0.0014,900055.22,1.3,14.26,0.404,0.404
low_income,All,4.98507301e8,0.074,0.196,0.0909,0.038,0.0037,0.7,1.0,0.0006,19166.69,0.814,8.95,0.474,0.474
lower_middle_income,All,2.958315947e9,0.123,0.196,0.0909,0.0353,0.0001,0.7,1.0,0.0007,552720.28,1.35,14.9,0.153,0.153
upper_middle_income,All,2.832641991e9,0.121,0.196,0.0909,0.0489,0.0016,0.7,1.0,0.0007,1.18471911e6,1.33,14.62,0.279,0.279
