Key,Group Name,M,β,γ,α,μ,σ(β),σ(γ),σ(α),σ(μ),σ(E),R0,σ(R0),Loss 7 Days,Loss 14 Days
high_income,All,1.158599652e9,0.124,0.196,0.0909,0.0663,0.0011,0.7,1.0,0.0014,1.05670315e6,1.36,14.96,0.346,0.346
low_income,All,5.61640531e8,0.0637,0.196,0.0909,0.0326,0.0075,0.7,1.0,0.0002,22532.44,0.701,7.71,0.544,0.544
lower_middle_income,All,2.924670483e9,0.121,0.196,0.0909,0.0332,0.0013,0.7,1.0,0.0006,626177.69,1.33,14.58,0.105,0.105
upper_middle_income,All,2.872918438e9,0.112,0.196,0.0909,0.0472,0.0002,0.7,1.0,0.0006,1.40478457e6,1.23,13.51,0.303,0.303
