Key,Group Name,M,β,γ,α,μ,σ(β),σ(γ),σ(α),σ(μ),σ(E),R0,σ(R0),Loss 7 Days,Loss 14 Days
high_income,All,1.158599652e9,0.126,0.196,0.0909,0.0669,0.0009,0.7,1.0,0.0015,1.01975326e6,1.39,15.26,0.388,0.388
low_income,All,5.61640531e8,0.065,0.196,0.0909,0.0326,0.006,0.7,1.0,0.0002,22639.1,0.714,7.86,0.32,0.32
lower_middle_income,All,2.924670483e9,0.121,0.196,0.0909,0.0335,0.0005,0.7,1.0,0.0006,616418.79,1.33,14.66,0.109,0.109
upper_middle_income,All,2.872918438e9,0.113,0.196,0.0909,0.0474,0.0017,0.7,1.0,0.0006,1.40528909e6,1.24,13.67,0.312,0.312
