Key,Group Name,M,β,γ,α,μ,σ(β),σ(γ),σ(α),σ(μ),σ(E),R0,σ(R0),Loss 7 Days,Loss 14 Days
high_income,All,1.152317758e9,0.116,0.222,0.0909,0.0741,0.0001,0.484,0.0015,0.0013,414018.34,1.28,0.0213,0.535,0.535
low_income,All,6.03059507e8,0.122,0.222,0.0909,0.0295,0.0013,0.795,0.0014,0.001,18746.09,1.34,0.0255,0.275,0.275
lower_middle_income,All,3.11749989e9,0.126,0.222,0.0909,0.039,0.0025,0.401,0.0015,0.0008,225303.61,1.38,0.0358,0.104,0.104
upper_middle_income,All,2.650801191e9,0.109,0.222,0.0909,0.0504,0.007,1.37,0.002,0.0004,1.62330727e6,1.2,0.0812,0.26,0.26
