Key,Group Name,M,β,γ,α,μ,σ(β),σ(γ),σ(α),σ(μ),σ(E),R0,σ(R0),Loss 7 Days,Loss 14 Days
high_income,All,7.1772670069e8,0.0616,0.196,0.0909,0.0505,0.0019,0.7,1.0,0.0009,1.47837719e6,0.678,7.45,1.33,1.33
low_income,All,3.7859102513e8,0.0601,0.196,0.0909,0.0338,0.0007,0.7,1.0,0.0001,24727.71,0.661,7.27,0.567,0.567
lower_middle_income,All,1.75361599562e9,0.0755,0.196,0.0909,0.0271,0.0002,0.7,1.0,0.0005,800078.0,0.83,9.13,0.18,0.18
upper_middle_income,All,1.20129451344e9,0.0434,0.196,0.0909,0.0421,0.0013,0.7,1.0,0.0004,1.63068394e6,0.477,5.25,0.333,0.333
