Key,Group Name,M,β,γ,α,μ,σ(β),σ(γ),σ(α),σ(μ),σ(E),R0,σ(R0),Loss 7 Days,Loss 14 Days
high_income,All,1.152317758e9,0.118,0.222,0.0909,0.0721,0.0048,1.29,0.0009,0.0012,1.27424555e6,1.3,0.0541,0.493,0.493
low_income,All,6.03059507e8,0.111,0.222,0.0909,0.0282,0.0012,0.415,0.0012,0.0006,11809.97,1.22,0.0207,0.24,0.24
lower_middle_income,All,3.11749989e9,0.122,0.222,0.0909,0.0376,0.0008,0.2,0.0007,0.0008,121261.07,1.34,0.0139,0.115,0.115
upper_middle_income,All,2.650801191e9,0.121,0.222,0.0909,0.0496,0.0023,0.617,0.0014,0.0006,729236.04,1.33,0.0326,0.245,0.245
