Key,Group Name,M,β,γ,α,μ,σ(β),σ(γ),σ(α),σ(μ),σ(E),R0,σ(R0),Loss 7 Days,Loss 14 Days
high_income,All,4.786589966e7,0.103,0.196,0.0909,0.0469,0.0022,0.7,1.0,0.0007,1.54859118e6,1.13,12.45,1.24,1.24
low_income,All,3.0622114872e8,0.0965,0.196,0.0909,0.0337,0.0033,0.7,1.0,0.0002,28959.53,1.06,11.68,0.657,0.657
lower_middle_income,All,1.230196676e7,0.161,0.196,0.0909,0.0254,0.0007,0.7,1.0,0.0004,1.1015209e6,1.77,19.47,0.104,0.104
upper_middle_income,All,2.488097501e7,0.134,0.196,0.0909,0.0411,0.0019,0.7,1.0,0.0003,1.8290336e6,1.47,16.21,0.394,0.394
