Key,Group Name,M,β,γ,α,μ,σ(β),σ(γ),σ(α),σ(μ),σ(E),R0,σ(R0),Loss 7 Days,Loss 14 Days
high_income,All,1.169291643e9,0.117,0.196,0.0909,0.0698,0.001,0.7,1.0,0.0015,972199.18,1.28,14.12,0.452,0.452
low_income,All,5.45955014e8,0.0755,0.196,0.0909,0.0384,0.0028,0.7,1.0,0.0006,18776.62,0.83,9.13,0.471,0.471
lower_middle_income,All,2.958315947e9,0.118,0.196,0.0909,0.0347,0.0005,0.7,1.0,0.0006,575593.5,1.3,14.31,0.0923,0.0923
upper_middle_income,All,2.832641991e9,0.117,0.196,0.0909,0.0484,0.0016,0.7,1.0,0.0006,1.2162406e6,1.29,14.19,0.257,0.257
