Key,Group Name,M,β,γ,α,μ,σ(β),σ(γ),σ(α),σ(μ),σ(E),R0,σ(R0),Loss 7 Days,Loss 14 Days
high_income,All,1.169291643e9,0.113,0.196,0.0909,0.0711,0.0001,0.7,1.0,0.0014,916199.65,1.25,13.7,0.475,0.475
low_income,All,5.25681806e8,0.0815,0.196,0.0909,0.0382,0.005,0.7,1.0,0.0006,19980.88,0.896,9.86,0.604,0.604
lower_middle_income,All,2.958315947e9,0.122,0.196,0.0909,0.0356,0.0002,0.7,1.0,0.0007,560242.39,1.34,14.72,0.115,0.115
upper_middle_income,All,2.832641991e9,0.116,0.196,0.0909,0.0492,0.002,0.7,1.0,0.0007,1.18932025e6,1.28,14.1,0.247,0.247
