Key,Group Name,M,β,γ,α,μ,σ(β),σ(γ),σ(α),σ(μ),σ(E),R0,σ(R0),Loss 7 Days,Loss 14 Days
high_income,All,1.169291643e9,0.106,0.196,0.0909,0.056,0.0007,0.7,1.0,0.0013,1.52537986e6,1.17,12.82,0.695,0.695
low_income,All,6.12531411e8,0.112,0.196,0.0909,0.0349,0.0037,0.7,1.0,0.0001,23497.43,1.24,13.59,0.285,0.285
lower_middle_income,All,2.958535731e9,0.138,0.196,0.0909,0.03,0.0018,0.7,1.0,0.0005,852529.77,1.52,16.68,0.181,0.181
upper_middle_income,All,2.873030946e9,0.109,0.196,0.0909,0.0442,0.0032,0.7,1.0,0.0004,1.61962449e6,1.2,13.19,0.383,0.383
