Key,Group Name,M,β,γ,α,μ,σ(β),σ(γ),σ(α),σ(μ),σ(E),R0,σ(R0),Loss 7 Days,Loss 14 Days
high_income,All,1.169291643e9,0.126,0.196,0.0909,0.068,0.0018,0.7,1.0,0.0015,970672.39,1.39,15.3,0.376,0.376
low_income,All,5.45955014e8,0.0682,0.196,0.0909,0.0376,0.0029,0.7,1.0,0.0007,19575.13,0.75,8.25,0.332,0.332
lower_middle_income,All,2.958315947e9,0.121,0.196,0.0909,0.034,0.0004,0.7,1.0,0.0006,597545.94,1.33,14.64,0.102,0.102
upper_middle_income,All,2.832641991e9,0.119,0.196,0.0909,0.0477,0.0034,0.7,1.0,0.0006,1.29870791e6,1.3,14.35,0.349,0.349
