Key,Group Name,M,β,γ,α,μ,σ(β),σ(γ),σ(α),σ(μ),σ(E),R0,σ(R0),Loss 7 Days,Loss 14 Days
high_income,All,1.112137511e9,0.119,0.196,0.0909,0.0598,0.0022,0.7,1.0,0.0014,1.34205097e6,1.31,14.43,0.502,0.502
low_income,All,5.80853753e8,0.0994,0.196,0.0909,0.035,0.0078,0.7,1.0,0.0002,24184.1,1.09,12.02,0.648,0.648
lower_middle_income,All,2.936560635e9,0.124,0.196,0.0909,0.031,0.0004,0.7,1.0,0.0003,772780.51,1.37,15.02,0.19,0.19
upper_middle_income,All,2.860901748e9,0.102,0.196,0.0909,0.0447,0.0019,0.7,1.0,0.0005,1.59881389e6,1.12,12.35,0.493,0.493
