Key,Group Name,M,β,γ,α,μ,σ(β),σ(γ),σ(α),σ(μ),σ(E),R0,σ(R0),Loss 7 Days,Loss 14 Days
high_income,All,1.169291643e9,0.0967,0.196,0.0909,0.0532,0.0024,0.7,1.0,0.0011,1.5379791e6,1.06,11.7,1.19,1.19
low_income,All,6.12531411e8,0.104,0.196,0.0909,0.0343,0.0019,0.7,1.0,0.0003,27815.09,1.14,12.56,0.727,0.727
lower_middle_income,All,2.958535731e9,0.125,0.196,0.0909,0.0286,0.0007,0.7,1.0,0.0006,1.07333386e6,1.37,15.1,0.121,0.121
upper_middle_income,All,2.873030946e9,0.113,0.196,0.0909,0.0433,0.0019,0.7,1.0,0.0005,1.7676448e6,1.24,13.68,0.525,0.525
