Key,Group Name,M,β,γ,α,μ
Per Country,Group 1,3.9653765e7,0.0427,0.9,0.0798,0.408
World3,Group 1,3.9653765e7,0.0427,0.9,0.0798,0.408
