Key,Group Name,M,β,γ,α,μ
Per Country,Group 1,3.9653765e7,0.0441,0.32,0.146,0.399
World3,Group 1,3.9653765e7,0.0441,0.32,0.146,0.399
